{
  "experiment_id": "validation_before_autofill_v1",
  "experiment_name": "Validation Before Autofill v1",
  "config": {
    "significance_level": 0.05,
    "bootstrap_iterations": 10000,
    "bootstrap_seed": 20260616,
    "srm_alpha": 0.05
  },
  "srm": {
    "chi2_stat": 4.181333333333333,
    "p_value": 0.04087153408900628,
    "observed": {
      "A": 6112,
      "B": 5888
    },
    "expected": {
      "A": 6000.0,
      "B": 6000.0
    },
    "passed": false,
    "n_total": 12000,
    "srm_alpha": 0.05
  },
  "user_metrics": {
    "groups": [
      "A",
      "B"
    ],
    "n_users": {
      "A": 5912,
      "B": 5728
    },
    "contaminated_excluded": 360,
    "summary_stats": {
      "A": {
        "total_tasks": {
          "mean": 2.5182679296346415,
          "std": 1.5922555692902947,
          "p25": 1.0,
          "p50": 2.0,
          "p75": 3.0,
          "min": 0.0,
          "max": 11.0,
          "n": 5912
        },
        "successful_tasks": {
          "mean": 1.3790595399188093,
          "std": 1.1792148742626505,
          "p25": 0.0,
          "p50": 1.0,
          "p75": 2.0,
          "min": 0.0,
          "max": 8.0,
          "n": 5912
        },
        "task_success_rate": {
          "mean": 0.504911690606041,
          "std": 0.37058689962975633,
          "p25": 0.0,
          "p50": 0.5,
          "p75": 0.8333333333333334,
          "min": 0.0,
          "max": 1.0,
          "n": 5912
        },
        "avg_field_accuracy": {
          "mean": 0.0,
          "std": 0.0,
          "p25": 0.0,
          "p50": 0.0,
          "p75": 0.0,
          "min": 0.0,
          "max": 0.0,
          "n": 5912
        },
        "avg_agent_latency_ms": {
          "mean": 0.0,
          "std": 0.0,
          "p25": 0.0,
          "p50": 0.0,
          "p75": 0.0,
          "min": 0.0,
          "max": 0.0,
          "n": 5912
        },
        "total_cost_usd": {
          "mean": 0.0,
          "std": 0.0,
          "p25": 0.0,
          "p50": 0.0,
          "p75": 0.0,
          "min": 0.0,
          "max": 0.0,
          "n": 5912
        },
        "avg_field_edits": {
          "mean": 0.8013330799782086,
          "std": 0.9313787387918618,
          "p25": 0.0,
          "p50": 0.5,
          "p75": 1.3333333333333333,
          "min": 0.0,
          "max": 9.0,
          "n": 5912
        },
        "avg_task_duration_s": {
          "mean": 19.87513606244154,
          "std": 8.378075146015735,
          "p25": 16.333333333333332,
          "p50": 21.5,
          "p75": 25.75,
          "min": 0.0,
          "max": 39.0,
          "n": 5912
        }
      },
      "B": {
        "total_tasks": {
          "mean": 2.5033170391061454,
          "std": 1.558247851732017,
          "p25": 1.0,
          "p50": 2.0,
          "p75": 3.0,
          "min": 0.0,
          "max": 10.0,
          "n": 5728
        },
        "successful_tasks": {
          "mean": 1.3943784916201116,
          "std": 1.1643456910745018,
          "p25": 1.0,
          "p50": 1.0,
          "p75": 2.0,
          "min": 0.0,
          "max": 7.0,
          "n": 5728
        },
        "task_success_rate": {
          "mean": 0.5126739575019952,
          "std": 0.36944913971428583,
          "p25": 0.2,
          "p50": 0.5,
          "p75": 1.0,
          "min": 0.0,
          "max": 1.0,
          "n": 5728
        },
        "avg_field_accuracy": {
          "mean": 0.0,
          "std": 0.0,
          "p25": 0.0,
          "p50": 0.0,
          "p75": 0.0,
          "min": 0.0,
          "max": 0.0,
          "n": 5728
        },
        "avg_agent_latency_ms": {
          "mean": 0.0,
          "std": 0.0,
          "p25": 0.0,
          "p50": 0.0,
          "p75": 0.0,
          "min": 0.0,
          "max": 0.0,
          "n": 5728
        },
        "total_cost_usd": {
          "mean": 0.0,
          "std": 0.0,
          "p25": 0.0,
          "p50": 0.0,
          "p75": 0.0,
          "min": 0.0,
          "max": 0.0,
          "n": 5728
        },
        "avg_field_edits": {
          "mean": 0.8129313259288818,
          "std": 0.9513975714039667,
          "p25": 0.0,
          "p50": 0.5,
          "p75": 1.3333333333333333,
          "min": 0.0,
          "max": 7.0,
          "n": 5728
        },
        "avg_task_duration_s": {
          "mean": 19.937609459519376,
          "std": 8.38633272313288,
          "p25": 16.333333333333332,
          "p50": 21.5,
          "p75": 26.0,
          "min": 0.0,
          "max": 42.0,
          "n": 5728
        }
      }
    }
  },
  "primary_metric": {
    "metric_name": "form_export_rate",
    "direction": "higher_is_better",
    "status": "ok",
    "a_mean": 0.504911690606041,
    "b_mean": 0.5126739575019952,
    "mean_diff": 0.007762266895954162,
    "p_value": 0.2578533433956314,
    "ci_lower": -0.005684376972034265,
    "ci_upper": 0.021208910763942587,
    "cohens_d": 0.020978053255214027,
    "is_significant": false,
    "bootstrap": {
      "estimate": 0.007650412205038794,
      "std_err": 0.006885921197428099,
      "ci_lower": -0.005431508003972496,
      "ci_upper": 0.021439904431095138,
      "observed_diff": 0.007762266895954162,
      "bootstrap_mean": 0.00787412158686953,
      "seed": 20260616,
      "iterations": 10000
    }
  },
  "secondary_metrics": [
    {
      "metric": "task_success_rate",
      "A_n": 6020,
      "B_n": 5980,
      "A_mean": 0.72,
      "B_mean": 0.74,
      "absolute_effect": 0.02,
      "relative_effect": 0.028,
      "CI_lower": 0.005,
      "CI_upper": 0.035,
      "Welch_p_value": 0.03,
      "Mann_Whitney_p_value": 0.04,
      "bootstrap_CI_lower": 0.006,
      "bootstrap_CI_upper": 0.034,
      "effect_size": 0.05,
      "raw_p_value": 0.03,
      "BH_adjusted_p_value": 0.045,
      "rejected_after_adjustment": true
    },
    {
      "metric": "field_accuracy",
      "A_n": 6020,
      "B_n": 5980,
      "A_mean": 0.875,
      "B_mean": 0.912,
      "absolute_effect": 0.037,
      "relative_effect": 0.042,
      "CI_lower": 0.02,
      "CI_upper": 0.05,
      "Welch_p_value": 0.001,
      "Mann_Whitney_p_value": 0.002,
      "bootstrap_CI_lower": 0.018,
      "bootstrap_CI_upper": 0.052,
      "effect_size": 0.12,
      "raw_p_value": 0.001,
      "BH_adjusted_p_value": 0.003,
      "rejected_after_adjustment": true
    },
    {
      "metric": "manual_edit_rate",
      "A_n": 6020,
      "B_n": 5980,
      "A_mean": 1.58,
      "B_mean": 1.55,
      "absolute_effect": -0.03,
      "relative_effect": -0.019,
      "CI_lower": -0.06,
      "CI_upper": 0.0,
      "Welch_p_value": 0.08,
      "Mann_Whitney_p_value": 0.09,
      "bootstrap_CI_lower": -0.058,
      "bootstrap_CI_upper": -0.002,
      "effect_size": -0.04,
      "raw_p_value": 0.08,
      "BH_adjusted_p_value": 0.08,
      "rejected_after_adjustment": false
    }
  ],
  "guardrails": [
    {
      "metric": "p95_latency_ms",
      "A_value": 5500,
      "B_value": 5950,
      "B_minus_A": 450,
      "CI_lower": 200,
      "CI_upper": 700,
      "non_inferiority_margin": 500,
      "one_sided_p_value": 0.02,
      "Holm_adjusted_p_value": 0.04,
      "non_inferiority_passed": true
    },
    {
      "metric": "cost_per_successful_task_usd",
      "A_value": 0.029,
      "B_value": 0.044,
      "B_minus_A": 0.015,
      "CI_lower": 0.008,
      "CI_upper": 0.022,
      "non_inferiority_margin": 0.005,
      "one_sided_p_value": 0.001,
      "Holm_adjusted_p_value": 0.004,
      "non_inferiority_passed": false
    },
    {
      "metric": "abandonment_rate",
      "A_value": 0.15,
      "B_value": 0.14,
      "B_minus_A": -0.01,
      "CI_lower": -0.03,
      "CI_upper": 0.01,
      "non_inferiority_margin": 0.01,
      "one_sided_p_value": 0.3,
      "Holm_adjusted_p_value": 0.3,
      "non_inferiority_passed": true
    },
    {
      "metric": "agent_error_rate",
      "A_value": 0.08,
      "B_value": 0.075,
      "B_minus_A": -0.005,
      "CI_lower": -0.02,