{
  "experiment_id": "validation_before_autofill_v1",
  "experiment_name": "Validation Before Autofill v1",
  "config": {
    "significance_level": 0.05,
    "bootstrap_iterations": 10000,
    "bootstrap_seed": 20260616,
    "srm_alpha": 0.05
  },
  "srm": {
    "chi2_stat": 0.16333333333333333,
    "p_value": 0.6861059569955557,
    "observed": {
      "A": 607,
      "B": 593
    },
    "expected": {
      "A": 600.0,
      "B": 600.0
    },
    "passed": true,
    "n_total": 1200,
    "srm_alpha": 0.05
  },
  "user_metrics": {
    "groups": [
      "A",
      "B"
    ],
    "n_users": {
      "A": 590,
      "B": 574
    },
    "contaminated_excluded": 36,
    "summary_stats": {
      "A": {
        "total_tasks": {
          "mean": 2.5033898305084747,
          "std": 1.6177565322135143,
          "p25": 1.0,
          "p50": 2.0,
          "p75": 4.0,
          "min": 0.0,
          "max": 8.0,
          "n": 590
        },
        "successful_tasks": {
          "mean": 1.1627118644067798,
          "std": 1.1181324329210733,
          "p25": 0.0,
          "p50": 1.0,
          "p75": 2.0,
          "min": 0.0,
          "max": 6.0,
          "n": 590
        },
        "task_success_rate": {
          "mean": 0.4225080710250202,
          "std": 0.36566279890325815,
          "p25": 0.0,
          "p50": 0.5,
          "p75": 0.6666666666666666,
          "min": 0.0,
          "max": 1.0,
          "n": 590
        },
        "avg_field_accuracy": {
          "mean": 0.8012655229007173,
          "std": 0.25290738376216415,
          "p25": 0.8400000000000001,
          "p50": 0.875,
          "p75": 0.9000000000000001,
          "min": 0.0,
          "max": 1.0,
          "n": 590
        },
        "avg_agent_latency_ms": {
          "mean": 5093.005492709628,
          "std": 2307.6312506710915,
          "p25": 4136.892857142857,
          "p50": 5194.5625,
          "p75": 6282.125,
          "min": 0.0,
          "max": 14371.0,
          "n": 590
        },
        "total_cost_usd": {
          "mean": 0.12115613644067798,
          "std": 0.11090273551597069,
          "p25": 0.021506249999999998,
          "p50": 0.093571125,
          "p75": 0.18439368750000001,
          "min": 0.0,
          "max": 0.542851,
          "n": 590
        },
        "avg_field_edits": {
          "mean": 0.7794926487050117,
          "std": 0.9302174415995573,
          "p25": 0.0,
          "p50": 0.5,
          "p75": 1.25,
          "min": 0.0,
          "max": 5.0,
          "n": 590
        },
        "avg_task_duration_s": {
          "mean": 20.04386231553978,
          "std": 8.770356338918477,
          "p25": 16.146428571428572,
          "p50": 22.0,
          "p75": 26.223214285714285,
          "min": 0.0,
          "max": 38.0,
          "n": 590
        }
      },
      "B": {
        "total_tasks": {
          "mean": 2.475609756097561,
          "std": 1.5935945826546531,
          "p25": 1.0,
          "p50": 2.0,
          "p75": 3.0,
          "min": 0.0,
          "max": 9.0,
          "n": 574
        },
        "successful_tasks": {
          "mean": 1.102787456445993,
          "std": 1.1075936056311695,
          "p25": 0.0,
          "p50": 1.0,
          "p75": 2.0,
          "min": 0.0,
          "max": 7.0,
          "n": 574
        },
        "task_success_rate": {
          "mean": 0.40808307062662463,
          "std": 0.36925766163848694,
          "p25": 0.0,
          "p50": 0.5,
          "p75": 0.6666666666666666,
          "min": 0.0,
          "max": 1.0,
          "n": 574
        },
        "avg_field_accuracy": {
          "mean": 0.8094703349004051,
          "std": 0.23985770169688872,
          "p25": 0.84,
          "p50": 0.8757142857142857,
          "p75": 0.9015,
          "min": 0.0,
          "max": 1.0,
          "n": 574
        },
        "avg_agent_latency_ms": {
          "mean": 5186.038914728862,
          "std": 2292.515887347976,
          "p25": 4167.0,
          "p50": 5354.0888888888885,
          "p75": 6373.875,
          "min": 0.0,
          "max": 18305.0,
          "n": 574
        },
        "total_cost_usd": {
          "mean": 0.12305311236933798,
          "std": 0.11411128036494828,
          "p25": 0.022918237499999997,
          "p50": 0.1045695,
          "p75": 0.18345267499999998,
          "min": 0.0,
          "max": 0.7870079999999999,
          "n": 574
        },
        "avg_field_edits": {
          "mean": 0.7453595388635869,
          "std": 0.9609610246451116,
          "p25": 0.0,
          "p50": 0.5,
          "p75": 1.1083333333333334,
          "min": 0.0,
          "max": 6.0,
          "n": 574
        },
        "avg_task_duration_s": {
          "mean": 20.2236523360268,
          "std": 8.696602073108558,
          "p25": 16.5,
          "p50": 22.1,
          "p75": 26.42142857142857,
          "min": 0.0,
          "max": 38.0,
          "n": 574
        }
      }
    }
  },
  "primary_metric": {
    "metric_name": "form_export_rate",
    "direction": "higher_is_better",
    "status": "ok",
    "a_mean": 0.4225080710250202,
    "b_mean": 0.40808307062662463,
    "mean_diff": -0.01442500039839556,
    "p_value": 0.503284240174002,
    "ci_lower": -0.0566958127282342,
    "ci_upper": 0.02784581193144308,
    "cohens_d": -0.03925548029803505,
    "is_significant": false,
    "bootstrap": {
      "estimate": -0.01466302388076634,
      "std_err": 0.021412529061149148,
      "ci_lower": -0.05586344693933792,
      "ci_upper": 0.02841690517670484,
      "observed_diff": -0.01442500039839556,
      "bootstrap_mean": -0.014186976916024779,
      "seed": 20260616,
      "iterations": 10000
    }
  },
  "secondary_metrics": [
    {
      "metric_name": "task_success_rate",
      "direction": "higher_is_better",
      "status": "ok",
      "a_mean": 0.4225080710250202,
      "b_mean": 0.40808307062662463,
      "mean_diff": -0.01442500039839556,
      "p_value": 0.503284240174002,
      "ci_lower": -0.0566958127282342,
      "ci_upper": 0.02784581193144308,
      "cohens_d": -0.03925548029803505,
      "is_significant": false,
      "bootstrap": {
        "estimate": -0.01466302388076634,
        "std_err": 0.021412529061149148,
        "ci_lower": -0.05586344693933792,
        "ci_upper": 0.02841690517670484,
        "observed_diff": -0.01442500039839556,
        "bootstrap_mean": -0.014186976916024779,
        "seed": 20260616,
        "iterations": 10000
      },
      "adjusted_p": 0.5701255705493478,
      "bh_rejected": false
    },
    {
      "metric_name": "field_accuracy",
      "direction": "higher_is_better",
      "status": "ok",
      "a_mean": 0.8012655229007173,
      "b_mean": 0.8094703349004051,
      "mean_diff": 0.008204811999687811,
      "p_value": 0.5701255705493478,
      "ci_lower": -0.020135175345186794,
      "ci_upper": 0.036544799344562416,
      "cohens_d": 0.0332894380294586,
      "is_significant": false,
      "bootstrap": {
        "estimate": 0.008194656972504905,
        "std_err": 0.014429453273206622,
        "ci_lower": -0.019899049883690033,
        "ci_upper": 0.03680590977590234,
        "observed_diff": 0.008204811999687811,
        "bootstrap_mean": 0.008214967026870718,
        "seed": 20260616,
        "iterations": 10000
      },
      "adjusted_p": 0.5701255705493478,
      "bh_rejected": false
    },
    {
      "metric_name": "manual_edit_rate",
      "direction": "lower_is_better",
      "status": "ok",
      "a_mean": 0.7794926487050117,
      "b_mean": 0.7453595388635869,
      "mean_diff": -0.034133109841424814,
      "p_value": 0.5383489268836082,
      "ci_lower": -0.14293933700542363,
      "ci_upper": 0.074673117322574,
      "cohens_d": -0.03609241666679467,
      "is_significant": false,
      "bootstrap": {
        "estimate": -0.03428960717677479,
        "std_err": 0.055615547541914015,
        "ci_lower": -0.1424000299920788,
        "ci_upper": 0.07450558172653117,