{
  "experiment_id": "validation_before_autofill_v1",
  "experiment_name": "Validation Before Autofill v1",
  "config": {
    "significance_level": 0.05,
    "bootstrap_iterations": 10000,
    "bootstrap_seed": 20260616,
    "srm_alpha": 0.05
  },
  "srm": {
    "chi2_stat": 0.16333333333333333,
    "p_value": 0.6861059569955557,
    "observed": {
      "A": 607,
      "B": 593
    },
    "expected": {
      "A": 600.0,
      "B": 600.0
    },
    "passed": true,
    "n_total": 1200,
    "srm_alpha": 0.05
  },
  "user_metrics": {
    "groups": [
      "A",
      "B"
    ],
    "n_users": {
      "A": 585,
      "B": 579
    },
    "contaminated_excluded": 36,
    "summary_stats": {
      "A": {
        "total_tasks": {
          "mean": 2.476923076923077,
          "std": 1.614329275421736,
          "p25": 1.0,
          "p50": 2.0,
          "p75": 3.0,
          "min": 0.0,
          "max": 8.0,
          "n": 585
        },
        "successful_tasks": {
          "mean": 1.135042735042735,
          "std": 1.0438433527538493,
          "p25": 0.0,
          "p50": 1.0,
          "p75": 2.0,
          "min": 0.0,
          "max": 5.0,
          "n": 585
        },
        "task_success_rate": {
          "mean": 0.42435897435897435,
          "std": 0.35865609977461815,
          "p25": 0.0,
          "p50": 0.5,
          "p75": 0.6666666666666666,
          "min": 0.0,
          "max": 1.0,
          "n": 585
        },
        "avg_field_accuracy": {
          "mean": 0.7998070610831546,
          "std": 0.2561900859096221,
          "p25": 0.842,
          "p50": 0.875,
          "p75": 0.9014285714285715,
          "min": 0.0,
          "max": 1.0,
          "n": 585
        },
        "avg_agent_latency_ms": {
          "mean": 5081.731147443139,
          "std": 2319.06819235694,
          "p25": 4134.5,
          "p50": 5201.0,
          "p75": 6282.333333333333,
          "min": 0.0,
          "max": 14371.0,
          "n": 585
        },
        "total_cost_usd": {
          "mean": 0.12035601803418804,
          "std": 0.11211899574648936,
          "p25": 0.020318000000000003,
          "p50": 0.09178,
          "p75": 0.18246435,
          "min": 0.0,
          "max": 0.542851,
          "n": 585
        },
        "avg_field_edits": {
          "mean": 0.8407061211510684,
          "std": 0.9873761909073866,
          "p25": 0.0,
          "p50": 0.5294117647058824,
          "p75": 1.3333333333333333,
          "min": 0.0,
          "max": 5.0,
          "n": 585
        },
        "avg_task_duration_s": {
          "mean": 19.95019317451444,
          "std": 8.898352608885197,
          "p25": 16.0,
          "p50": 21.714285714285715,
          "p75": 26.142857142857142,
          "min": 0.0,
          "max": 42.0,
          "n": 585
        }
      },
      "B": {
        "total_tasks": {
          "mean": 2.4974093264248705,
          "std": 1.615638386039939,
          "p25": 1.0,
          "p50": 2.0,
          "p75": 4.0,
          "min": 0.0,
          "max": 9.0,
          "n": 579
        },
        "successful_tasks": {
          "mean": 1.1727115716753023,
          "std": 1.1010602336468518,
          "p25": 0.0,
          "p50": 1.0,
          "p75": 2.0,
          "min": 0.0,
          "max": 7.0,
          "n": 579
        },
        "task_success_rate": {
          "mean": 0.4373358554705705,
          "std": 0.3589080340206974,
          "p25": 0.0,
          "p50": 0.5,
          "p75": 0.6666666666666666,
          "min": 0.0,
          "max": 1.0,
          "n": 579
        },
        "avg_field_accuracy": {
          "mean": 0.8087391837380788,
          "std": 0.24134604423458958,
          "p25": 0.84,
          "p50": 0.8760000000000001,
          "p75": 0.9022499999999999,
          "min": 0.0,
          "max": 1.0,
          "n": 579
        },
        "avg_agent_latency_ms": {
          "mean": 5202.3049532549185,
          "std": 2301.611279593632,
          "p25": 4180.0,
          "p50": 5381.5,
          "p75": 6395.55,
          "min": 0.0,
          "max": 18305.0,
          "n": 579
        },
        "total_cost_usd": {
          "mean": 0.12373275949913644,
          "std": 0.11491409734286263,
          "p25": 0.022949224999999997,
          "p50": 0.104541,
          "p75": 0.1844431,
          "min": 0.0,
          "max": 0.7870079999999999,
          "n": 579
        },
        "avg_field_edits": {
          "mean": 0.8319774591681022,
          "std": 1.0325400921856611,
          "p25": 0.0,
          "p50": 0.5,
          "p75": 1.3,
          "min": 0.0,
          "max": 6.0,
          "n": 579
        },
        "avg_task_duration_s": {
          "mean": 20.42224437925063,
          "std": 8.681537560392233,
          "p25": 16.0,
          "p50": 22.5,
          "p75": 26.045454545454547,
          "min": 0.0,
          "max": 38.0,
          "n": 579
        }
      }
    }
  },
  "primary_metric": {
    "metric_name": "form_export_rate",
    "direction": "higher_is_better",
    "status": "ok",
    "a_mean": 0.42435897435897435,
    "b_mean": 0.4373358554705705,
    "mean_diff": 0.012976881111596172,
    "p_value": 0.5373609080929753,
    "ci_lower": -0.028289041535665388,
    "ci_upper": 0.05424280375885773,
    "cohens_d": 0.0361692556821018,
    "is_significant": false,
    "bootstrap": {
      "estimate": 0.013065088731360822,
      "std_err": 0.021228317235378075,
      "ci_lower": -0.02827308066621537,
      "ci_upper": 0.055342014778543225,
      "observed_diff": 0.012976881111596172,
      "bootstrap_mean": 0.012888673491831523,
      "seed": 20260616,
      "iterations": 10000
    }
  },
  "secondary_metrics": [
    {
      "metric_name": "task_success_rate",
      "direction": "higher_is_better",
      "status": "ok",
      "a_mean": 0.42435897435897435,
      "b_mean": 0.4373358554705705,
      "mean_diff": 0.012976881111596172,
      "p_value": 0.5373609080929753,
      "ci_lower": -0.028289041535665388,
      "ci_upper": 0.05424280375885773,
      "cohens_d": 0.0361692556821018,
      "is_significant": false,
      "bootstrap": {
        "estimate": 0.013065088731360822,
        "std_err": 0.021228317235378075,
        "ci_lower": -0.02827308066621537,
        "ci_upper": 0.055342014778543225,
        "observed_diff": 0.012976881111596172,
        "bootstrap_mean": 0.012888673491831523,
        "seed": 20260616,
        "iterations": 10000
      },
      "adjusted_p": 0.8106750062235986,
      "bh_rejected": false
    },
    {
      "metric_name": "field_accuracy",
      "direction": "higher_is_better",
      "status": "ok",
      "a_mean": 0.7998070610831546,
      "b_mean": 0.8087391837380788,
      "mean_diff": 0.008932122654924268,
      "p_value": 0.5404500041490657,
      "ci_lower": -0.01968870295589949,
      "ci_upper": 0.037552948265748023,
      "cohens_d": 0.03588945355233938,
      "is_significant": false,
      "bootstrap": {
        "estimate": 0.008680282593645948,
        "std_err": 0.014440379186846822,
        "ci_lower": -0.0190070005655464,
        "ci_upper": 0.037470642777717014,
        "observed_diff": 0.008932122654924268,
        "bootstrap_mean": 0.009183962716202589,
        "seed": 20260616,
        "iterations": 10000
      },
      "adjusted_p": 0.8106750062235986,
      "bh_rejected": false
    },
    {
      "metric_name": "manual_edit_rate",
      "direction": "lower_is_better",
      "status": "ok",
      "a_mean": 0.8407061211510684,
      "b_mean": 0.8319774591681022,
      "mean_diff": -0.00872866198296618,
      "p_value": 0.8828609706708745,
      "ci_lower": -0.12493324738241367,
      "ci_upper": 0.10747592341648131,
      "cohens_d": -0.00864043819916572,
      "is_significant": false,
      "bootstrap": {
        "estimate": -0.008636923655193437,
        "std_err": 0.05921628445210757,
        "ci_lower": -0.12487624408912366,
        "ci_upper": 0.10503715452801825,
        "observed_diff": -0.00872866198296618,