{
  "experiment_id": "validation_before_autofill_v1",
  "experiment_name": "Validation Before Autofill v1",
  "config": {
    "significance_level": 0.05,
    "bootstrap_iterations": 10000,
    "bootstrap_seed": 20260616,
    "srm_alpha": 0.05
  },
  "srm": {
    "chi2_stat": 0.16333333333333333,
    "p_value": 0.6861059569955557,
    "observed": {
      "A": 607,
      "B": 593
    },
    "expected": {
      "A": 600.0,
      "B": 600.0
    },
    "passed": true,
    "n_total": 1200,
    "srm_alpha": 0.05
  },
  "user_metrics": {
    "groups": [
      "A",
      "B"
    ],
    "n_users": {
      "A": 584,
      "B": 580
    },
    "contaminated_excluded": 36,
    "summary_stats": {
      "A": {
        "total_tasks": {
          "mean": 2.464041095890411,
          "std": 1.5993378041199753,
          "p25": 1.0,
          "p50": 2.0,
          "p75": 3.0,
          "min": 0.0,
          "max": 8.0,
          "n": 584
        },
        "successful_tasks": {
          "mean": 1.3424657534246576,
          "std": 1.199990601246118,
          "p25": 0.0,
          "p50": 1.0,
          "p75": 2.0,
          "min": 0.0,
          "max": 6.0,
          "n": 584
        },
        "task_success_rate": {
          "mean": 0.49043745923026744,
          "std": 0.37644446350151994,
          "p25": 0.0,
          "p50": 0.5,
          "p75": 0.8,
          "min": 0.0,
          "max": 1.0,
          "n": 584
        },
        "avg_field_accuracy": {
          "mean": 0.0,
          "std": 0.0,
          "p25": 0.0,
          "p50": 0.0,
          "p75": 0.0,
          "min": 0.0,
          "max": 0.0,
          "n": 584
        },
        "avg_agent_latency_ms": {
          "mean": 0.0,
          "std": 0.0,
          "p25": 0.0,
          "p50": 0.0,
          "p75": 0.0,
          "min": 0.0,
          "max": 0.0,
          "n": 584
        },
        "total_cost_usd": {
          "mean": 0.0,
          "std": 0.0,
          "p25": 0.0,
          "p50": 0.0,
          "p75": 0.0,
          "min": 0.0,
          "max": 0.0,
          "n": 584
        },
        "avg_field_edits": {
          "mean": 0.7833190639269406,
          "std": 0.9127694795645551,
          "p25": 0.0,
          "p50": 0.5,
          "p75": 1.3333333333333333,
          "min": 0.0,
          "max": 5.0,
          "n": 584
        },
        "avg_task_duration_s": {
          "mean": 19.69870556099152,
          "std": 8.940872452395185,
          "p25": 15.625,
          "p50": 21.583333333333336,
          "p75": 26.25,
          "min": 0.0,
          "max": 36.0,
          "n": 584
        }
      },
      "B": {
        "total_tasks": {
          "mean": 2.4741379310344827,
          "std": 1.5904573314793786,
          "p25": 1.0,
          "p50": 2.0,
          "p75": 3.25,
          "min": 0.0,
          "max": 9.0,
          "n": 580
        },
        "successful_tasks": {
          "mean": 1.3758620689655172,
          "std": 1.2130992502509605,
          "p25": 0.0,
          "p50": 1.0,
          "p75": 2.0,
          "min": 0.0,
          "max": 8.0,
          "n": 580
        },
        "task_success_rate": {
          "mean": 0.5071907498631637,
          "std": 0.3744620050935038,
          "p25": 0.0,
          "p50": 0.5,
          "p75": 0.9166666666666666,
          "min": 0.0,
          "max": 1.0,
          "n": 580
        },
        "avg_field_accuracy": {
          "mean": 0.0,
          "std": 0.0,
          "p25": 0.0,
          "p50": 0.0,
          "p75": 0.0,
          "min": 0.0,
          "max": 0.0,
          "n": 580
        },
        "avg_agent_latency_ms": {
          "mean": 0.0,
          "std": 0.0,
          "p25": 0.0,
          "p50": 0.0,
          "p75": 0.0,
          "min": 0.0,
          "max": 0.0,
          "n": 580
        },
        "total_cost_usd": {
          "mean": 0.0,
          "std": 0.0,
          "p25": 0.0,
          "p50": 0.0,
          "p75": 0.0,
          "min": 0.0,
          "max": 0.0,
          "n": 580
        },
        "avg_field_edits": {
          "mean": 0.8067350848385331,
          "std": 0.9831308774403069,
          "p25": 0.0,
          "p50": 0.5,
          "p75": 1.3333333333333333,
          "min": 0.0,
          "max": 7.0,
          "n": 580
        },
        "avg_task_duration_s": {
          "mean": 19.942551997810618,
          "std": 8.50099011843699,
          "p25": 16.458333333333332,
          "p50": 21.666666666666668,
          "p75": 26.0,
          "min": 0.0,
          "max": 35.0,
          "n": 580
        }
      }
    }
  },
  "primary_metric": {
    "metric_name": "form_export_rate",
    "direction": "higher_is_better",
    "status": "ok",
    "a_mean": 0.49043745923026744,
    "b_mean": 0.5071907498631637,
    "mean_diff": 0.016753290632896267,
    "p_value": 0.4467005918107634,
    "ci_lower": -0.026429448187186004,
    "ci_upper": 0.05993602945297854,
    "cohens_d": 0.04462135551670549,
    "is_significant": false,
    "bootstrap": {
      "estimate": 0.016922937778358984,
      "std_err": 0.02196283129690748,
      "ci_lower": -0.02554260624498584,
      "ci_upper": 0.06005006019393262,
      "observed_diff": 0.016753290632896267,
      "bootstrap_mean": 0.01658364348743355,
      "seed": 20260616,
      "iterations": 10000
    }
  },
  "secondary_metrics": [
    {
      "metric_name": "task_success_rate",
      "direction": "higher_is_better",
      "status": "ok",
      "a_mean": 0.49043745923026744,
      "b_mean": 0.5071907498631637,
      "mean_diff": 0.016753290632896267,
      "p_value": 0.4467005918107634,
      "ci_lower": -0.026429448187186004,
      "ci_upper": 0.05993602945297854,
      "cohens_d": 0.04462135551670549,
      "is_significant": false,
      "bootstrap": {
        "estimate": 0.016922937778358984,
        "std_err": 0.02196283129690748,
        "ci_lower": -0.02554260624498584,
        "ci_upper": 0.06005006019393262,
        "observed_diff": 0.016753290632896267,
        "bootstrap_mean": 0.01658364348743355,
        "seed": 20260616,
        "iterations": 10000
      },
      "adjusted_p": 1.0,
      "bh_rejected": false
    },
    {
      "metric_name": "field_accuracy",
      "direction": "higher_is_better",
      "status": "constant_data",
      "a_mean": 0.0,
      "b_mean": 0.0,
      "mean_diff": 0.0,
      "p_value": NaN,
      "ci_lower": 0.0,
      "ci_upper": 0.0,
      "cohens_d": 0.0,
      "is_significant": false,
      "bootstrap": {
        "estimate": 0.0,
        "std_err": 0.0,
        "ci_lower": 0.0,
        "ci_upper": 0.0,
        "observed_diff": 0.0,
        "bootstrap_mean": 0.0,
        "seed": 20260616,
        "iterations": 10000
      },
      "note": "Both groups have constant values \u2014 effect cannot be estimated.",
      "adjusted_p": NaN,
      "bh_rejected": false
    },
    {
      "metric_name": "manual_edit_rate",
      "direction": "lower_is_better",
      "status": "ok",
      "a_mean": 0.7833190639269406,
      "b_mean": 0.8067350848385331,
      "mean_diff": 0.02341602091159245,
      "p_value": 0.6738085092538126,
      "ci_lower": -0.08570273934933191,
      "ci_upper": 0.13253478117251682,
      "cohens_d": 0.02468474851415049,
      "is_significant": false,
      "bootstrap": {
        "estimate": 0.022883520185235127,
        "std_err": 0.0561100122479115,
        "ci_lower": -0.08393492236880593,
        "ci_upper": 0.13523603554652067,
        "observed_diff": 0.02341602091159245,
        "bootstrap_mean": 0.023948521637949773,
        "seed": 20260616,
        "iterations": 10000
      },
      "adjusted_p": 0.6738085092538126,
      "bh_rejected": false
    }
  ],
  "guardrails": [
    {
      "diff": 0.0,
      "diff_pct": 0.0,
      "ci_lower": 0.0,
      "ci_upper": 0.0,
      "margin": 1.15,
      "non_inferiority_passed": true,
      "a_mean": 0.0,
      "b_mean": 0.0,
      "note": "Zero variance in both groups \u2014 guardrail passes by default.",